,Name,PA,wOBA,xwOBA,sxwOBA,diff,diff %,BB%,K%,HR,LA,Barrels,pulled_barrels
0,Miguel Cabrera,433,0.275,0.277,0.28,0.002,0.85,6.5,23.3,5,5.0,14.0,5
1,Nelson Cruz,507,0.292,0.335,0.328,-0.007,-2.18,9.7,23.5,10,7.2,31.0,10
2,David Peralta,490,0.315,0.321,0.3,-0.021,-6.56,8.4,23.3,12,15.1,28.0,0
3,Evan Longoria,298,0.33,0.336,0.337,0.0,0.12,9.1,27.9,14,18.2,23.0,15
4,Charlie Blackmon,577,0.317,0.295,0.31,0.016,5.34,5.5,18.9,16,12.4,19.0,0
5,Martin Maldonado,379,0.264,0.262,0.257,-0.005,-1.86,5.8,30.6,15,14.7,19.0,8
6,Donovan Solano,304,0.319,0.33,0.312,-0.019,-5.7,6.3,20.1,4,10.7,13.0,5
7,Andrew McCutchen,580,0.309,0.34,0.339,-0.002,-0.45,9.8,21.4,17,13.2,34.0,11
8,Justin Turner,532,0.343,0.358,0.356,-0.003,-0.72,9.4,16.7,13,18.4,31.0,14
9,Elvis Andrus,577,0.31,0.303,0.321,0.018,5.93,6.8,15.9,17,11.9,20.0,10
10,Carlos Santana,506,0.308,0.347,0.342,-0.005,-1.48,14.0,17.4,19,15.4,32.0,4
11,Brandon Belt,298,0.303,0.315,0.313,-0.002,-0.73,12.4,27.2,8,23.4,22.0,0
12,Yuli Gurriel,584,0.285,0.286,0.291,0.005,1.89,5.1,12.5,8,14.6,9.0,6
13,Miguel Rojas,507,0.268,0.296,0.299,0.003,1.16,5.1,12.0,6,10.1,8.0,5
14,Eduardo Escobar,542,0.311,0.316,0.313,-0.003,-1.01,7.4,23.8,20,20.6,35.0,11
15,Ehire Adrianza,110,0.222,0.27,0.263,-0.006,-2.32,10.0,22.7,0,12.6,1.0,0
16,Tommy Pham,622,0.304,0.322,0.316,-0.006,-1.99,9.0,26.8,17,7.7,31.0,8
17,J.D. Martinez,596,0.343,0.351,0.342,-0.009,-2.46,8.7,24.3,16,14.1,49.0,15
18,Paul Goldschmidt,651,0.419,0.397,0.397,-0.0,-0.01,12.1,21.7,35,15.7,49.0,19
19,Sandy Leon,86,0.246,0.259,0.273,0.014,5.41,15.1,31.4,0,21.4,0.0,0
20,Jean Segura,387,0.32,0.323,0.323,0.001,0.16,6.5,15.0,10,4.3,13.0,7
21,Starling Marte,505,0.355,0.347,0.34,-0.008,-2.2,5.1,19.2,16,7.5,25.0,11
22,Travis d'Arnaud,426,0.343,0.322,0.335,0.013,3.91,4.5,21.1,18,11.8,26.0,14
23,Josh Donaldson,546,0.302,0.303,0.308,0.005,1.54,9.9,27.1,15,12.0,33.0,15
24,Freddie Freeman,708,0.393,0.409,0.396,-0.012,-2.97,11.9,14.4,21,13.6,52.0,0
25,Yasmani Grandal,376,0.263,0.272,0.274,0.002,0.63,12.0,21.0,5,12.1,12.0,0
26,Jason Heyward,151,0.253,0.284,0.28,-0.004,-1.37,7.3,21.2,1,13.1,5.0,0
27,DJ LeMahieu,541,0.329,0.346,0.341,-0.005,-1.47,12.4,13.1,12,3.0,21.0,7
28,Mike Moustakas,285,0.286,0.275,0.269,-0.005,-1.95,8.4,26.3,7,19.4,11.0,0
29,Anthony Rizzo,548,0.352,0.356,0.356,-0.0,-0.05,10.6,18.4,32,19.3,40.0,0
30,Giancarlo Stanton,452,0.327,0.339,0.347,0.009,2.56,11.1,30.3,31,10.8,51.0,15
31,Salvador Perez,473,0.324,0.335,0.329,-0.005,-1.61,3.8,23.0,23,17.8,38.0,14
32,Wilmer Flores,602,0.312,0.319,0.32,0.001,0.34,9.8,17.1,19,20.7,27.0,16
33,Avisail Garcia,380,0.258,0.294,0.284,-0.01,-3.4,4.5,28.7,8,2.8,16.0,2
34,Christian Bethancourt,333,0.301,0.332,0.331,-0.001,-0.45,3.6,24.0,11,9.4,28.0,9
35,Marcell Ozuna,507,0.298,0.343,0.341,-0.002,-0.63,6.1,24.1,23,16.5,46.0,21
36,Jesus Aguilar,507,0.288,0.301,0.294,-0.006,-2.03,5.5,23.5,16,18.9,24.0,11
37,Jon Berti,404,0.298,0.303,0.307,0.005,1.53,10.4,22.0,4,4.7,16.0,5
38,Brandon Crawford,458,0.289,0.296,0.291,-0.005,-1.83,8.5,21.4,9,12.3,21.0,0
39,C.J. Cron,632,0.335,0.325,0.327,0.001,0.38,6.8,25.9,29,14.1,45.0,22
40,Yan Gomes,293,0.271,0.294,0.302,0.008,2.83,2.7,16.0,8,9.4,8.0,7
41,Robbie Grossman,477,0.283,0.294,0.288,-0.006,-1.93,11.7,27.0,7,21.1,10.0,1
42,Josh Harrison,425,0.305,0.297,0.301,0.004,1.35,4.9,16.7,7,14.7,12.0,5
43,Aaron Hicks,453,0.292,0.312,0.318,0.006,1.88,13.7,24.1,8,14.8,16.0,4
44,Kyle Higashioka,248,0.282,0.328,0.306,-0.022,-6.85,4.8,21.0,10,17.2,18.0,6
45,Eric Hosmer,419,0.313,0.306,0.307,0.001,0.33,8.8,15.3,8,3.1,18.0,0
46,James McCann,191,0.243,0.314,0.294,-0.019,-6.21,5.8,24.1,3,16.2,8.0,4
47,Brad Miller,241,0.263,0.269,0.259,-0.01,-3.55,7.5,29.0,7,14.1,12.0,0
48,Austin Nola,397,0.29,0.308,0.31,0.003,0.87,8.6,15.1,4,12.0,7.0,3
49,Anthony Rendon,193,0.314,0.36,0.357,-0.003,-0.7,11.9,18.1,5,18.7,11.0,6
50,Marcus Semien,724,0.317,0.316,0.316,-0.0,-0.11,7.3,16.6,26,19.9,37.0,22
51,George Springer,583,0.352,0.354,0.363,0.01,2.8,9.3,17.2,25,13.9,35.0,14
52,Christian Vazquez,426,0.312,0.311,0.309,-0.002,-0.59,5.2,16.2,9,10.7,17.0,7
53,Kolten Wong,497,0.336,0.302,0.332,0.031,10.13,9.3,17.7,15,14.0,19.0,0
54,Ildemaro Vargas,222,0.302,0.275,0.292,0.018,6.37,3.6,10.4,4,7.4,4.0,1
55,Mike Trout,499,0.418,0.424,0.43,0.006,1.34,10.8,27.9,40,24.6,59.0,23
56,Roberto Perez,69,0.315,0.3,0.331,0.031,10.43,13.0,36.2,2,5.4,4.0,2
57,Jose Abreu,679,0.361,0.391,0.374,-0.017,-4.36,9.1,16.2,15,8.0,47.0,10
58,Elias Diaz,381,0.284,0.296,0.297,0.001,0.31,6.6,21.5,9,11.1,16.0,7
59,Omar Narvaez,296,0.269,0.267,0.273,0.006,2.4,9.8,19.3,4,17.7,5.0,0
60,Eugenio Suarez,629,0.344,0.342,0.342,-0.0,-0.03,11.6,31.2,31,19.9,52.0,22
61,Gio Urshela,551,0.332,0.336,0.339,0.003,0.81,7.4,17.4,13,11.8,29.0,9
62,Jonathan Schoop,510,0.245,0.284,0.284,0.0,0.03,3.7,21.0,11,9.7,18.0,11
63,Nolan Arenado,620,0.381,0.36,0.38,0.019,5.39,8.4,11.6,30,21.7,40.0,29
64,Tucker Barnhart,308,0.253,0.25,0.255,0.005,2.09,8.1,24.0,1,10.1,4.0,0
65,Kyle Farmer,583,0.309,0.315,0.315,0.0,0.04,5.7,17.0,14,12.7,19.0,10
66,Enrique Hernandez,402,0.28,0.305,0.301,-0.004,-1.25,8.5,17.7,6,17.1,17.0,7
67,Jake Lamb,111,0.314,0.317,0.302,-0.015,-4.79,9.9,34.2,3,15.0,7.0,0
68,Luke Maile,206,0.281,0.271,0.28,0.008,3.02,9.2,26.2,3,17.0,7.0,4
69,Max Muncy,565,0.318,0.35,0.341,-0.009,-2.58,15.9,25.0,21,20.9,44.0,0
70,Wil Myers,286,0.311,0.313,0.314,0.001,0.18,7.3,30.1,7,13.0,13.0,3
71,A.J. Pollock,527,0.297,0.324,0.325,0.002,0.5,6.1,18.6,14,11.8,37.0,11
72,Michael A. Taylor,456,0.297,0.303,0.289,-0.014,-4.64,7.7,23.9,9,12.1,21.0,7
73,Trayce Thompson,255,0.37,0.368,0.366,-0.003,-0.81,12.5,36.5,13,16.3,21.0,12
74,Luke Voit,568,0.311,0.315,0.314,-0.001,-0.29,9.7,31.5,22,18.4,48.0,21
75,Christian Walker,667,0.346,0.364,0.356,-0.008,-2.13,10.3,19.6,36,17.0,53.0,24
76,Mike Zunino,123,0.219,0.258,0.254,-0.004,-1.68,4.9,37.4,5,20.8,6.0,2
77,Matt Carpenter,154,0.472,0.404,0.446,0.042,10.41,12.3,22.7,15,22.4,13.0,0
78,Corey Dickerson,297,0.303,0.288,0.308,0.019,6.7,4.0,16.2,6,10.6,9.0,0
79,Darin Ruf,388,0.291,0.317,0.314,-0.003,-0.83,11.6,27.1,11,14.8,20.0,10
80,Mike Yastrzemski,558,0.307,0.317,0.311,-0.006,-1.88,10.9,25.3,17,19.9,39.0,0
81,Willson Contreras,487,0.357,0.368,0.38,0.012,3.32,9.2,21.1,22,8.5,33.0,13
82,Kris Bryant,181,0.37,0.355,0.341,-0.014,-3.81,9.4,14.9,5,13.5,9.0,3
83,Mark Canha,542,0.343,0.34,0.35,0.01,2.95,8.9,17.9,13,10.9,18.0,10
84,Curt Casali,176,0.295,0.292,0.279,-0.012,-4.21,13.6,28.4,5,25.4,6.0,4
85,Nick Castellanos,558,0.304,0.313,0.31,-0.003,-0.81,5.2,23.3,13,14.6,26.0,6
86,Brandon Drury,568,0.35,0.329,0.335,0.005,1.62,6.7,22.2,28,13.8,41.0,20
87,Aaron Judge,696,0.458,0.466,0.467,0.001,0.2,15.9,25.1,62,14.9,106.0,44
88,Manny Machado,644,0.382,0.373,0.373,0.0,0.07,9.8,20.7,32,16.0,44.0,23
89,Joc Pederson,433,0.373,0.373,0.368,-0.006,-1.55,9.7,23.1,23,14.8,43.0,0
90,J.T. Realmuto,562,0.354,0.365,0.367,0.002,0.52,7.3,21.2,22,13.1,44.0,18
91,Hunter Renfroe,522,0.347,0.338,0.344,0.006,1.75,7.5,23.2,29,17.7,39.0,17
92,Eddie Rosario,270,0.258,0.254,0.256,0.001,0.54,6.3,25.2,5,15.2,10.0,0
93,Christian Yelich,671,0.328,0.342,0.347,0.004,1.29,13.1,24.1,14,3.6,34.0,0
94,Whit Merrifield,550,0.294,0.302,0.3,-0.001,-0.46,6.9,15.5,11,15.1,18.0,11
95,Xander Bogaerts,631,0.363,0.333,0.342,0.009,2.67,9.0,18.7,15,10.2,29.0,13
96,Hanser Alberto,159,0.27,0.252,0.248,-0.004,-1.65,1.9,15.7,2,10.8,2.0,0
97,Adam Duvall,315,0.295,0.302,0.309,0.008,2.52,6.7,32.1,12,23.4,24.0,11
98,Kevin Kiermaier,221,0.286,0.315,0.321,0.007,2.09,6.3,27.6,7,5.3,10.0,0
99,Jurickson Profar,658,0.32,0.307,0.328,0.021,6.7,11.1,15.7,15,12.9,19.0,2
100,Javier Baez,590,0.291,0.297,0.305,0.008,2.72,4.4,24.9,17,9.6,33.0,16
101,Jake Cave,177,0.278,0.302,0.262,-0.039,-13.03,6.2,27.7,5,14.4,12.0,0
102,Cam Gallagher,47,0.265,0.229,0.254,0.026,11.19,6.4,27.7,0,16.3,0.0,0
103,Austin Hedges,338,0.225,0.232,0.243,0.01,4.39,7.4,23.1,7,16.7,7.0,7
104,Francisco Lindor,706,0.342,0.337,0.343,0.007,1.93,8.4,18.8,26,13.8,42.0,5
105,Rougned Odor,472,0.278,0.28,0.271,-0.009,-3.24,6.8,23.1,13,21.5,21.0,0
106,Garrett Stubbs,121,0.355,0.29,0.32,0.03,10.47,11.6,24.8,5,15.2,4.0,0
107,Daniel Vogelbach,461,0.349,0.351,0.343,-0.007,-2.12,15.8,24.7,18,15.8,29.0,0
108,Max Kepler,446,0.298,0.345,0.34,-0.004,-1.27,11.0,14.8,9,11.1,23.0,0
109,Ji-Man Choi,419,0.322,0.345,0.349,0.004,1.06,13.8,29.4,11,10.6,28.0,0
110,Jackie Bradley Jr.,370,0.252,0.268,0.258,-0.01,-3.69,6.5,20.8,4,7.4,13.0,0
111,Tommy La Stella,195,0.277,0.274,0.284,0.011,3.92,5.6,15.4,2,14.6,3.0,0
112,Jeimer Candelario,467,0.277,0.304,0.305,0.001,0.4,6.0,23.3,13,13.5,27.0,4
113,Yonathan Daza,408,0.323,0.337,0.332,-0.005,-1.52,6.4,14.2,2,4.6,6.0,3
114,Ramon Urias,445,0.313,0.324,0.322,-0.002,-0.67,6.7,22.0,16,11.0,30.0,10
115,Nick Ahmed,54,0.302,0.252,0.286,0.034,13.39,3.7,27.8,3,4.4,2.0,2
116,Brian Anderson,383,0.293,0.319,0.317,-0.002,-0.6,9.7,26.4,8,7.7,23.0,9
117,Austin Barnes,212,0.315,0.301,0.308,0.007,2.36,12.7,17.5,8,13.6,7.0,3
118,Josh Bell,647,0.344,0.356,0.348,-0.008,-2.3,12.5,15.8,17,8.3,33.0,2
119,Mookie Betts,639,0.373,0.359,0.368,0.009,2.37,8.6,16.3,35,18.6,46.0,22
120,Victor Caratini,314,0.289,0.314,0.303,-0.011,-3.4,9.9,21.3,9,6.6,13.0,3
121,J.D. Davis,365,0.333,0.368,0.351,-0.017,-4.54,10.7,33.4,12,12.3,32.0,8
122,Harold Castro,443,0.297,0.307,0.31,0.002,0.77,3.8,17.8,7,11.4,21.0,0
123,Orlando Arcia,234,0.321,0.331,0.333,0.002,0.53,9.0,21.8,9,11.7,12.0,8
124,Raimel Tapia,433,0.293,0.299,0.299,0.0,0.1,3.7,18.7,7,4.0,17.0,0
125,Teoscar Hernandez,535,0.348,0.367,0.358,-0.01,-2.62,6.4,28.4,25,11.6,52.0,16
126,Ketel Marte,558,0.317,0.32,0.322,0.002,0.73,9.9,18.1,12,13.5,24.0,1
127,Eric Haase,351,0.322,0.317,0.316,-0.001,-0.24,6.8,27.6,14,17.0,20.0,12
128,Brandon Nimmo,673,0.353,0.351,0.354,0.002,0.7,10.5,17.2,16,6.1,33.0,0
129,Jace Peterson,328,0.306,0.308,0.28,-0.028,-9.23,10.1,25.9,8,9.7,15.0,0
130,Trea Turner,708,0.35,0.354,0.355,0.001,0.27,6.4,18.5,21,10.2,40.0,14
131,Matt Beaty,47,0.158,0.245,0.214,-0.031,-12.61,4.3,17.0,0,10.5,0.0,0
132,Kevin Pillar,13,0.15,0.286,0.228,-0.058,-20.16,7.7,30.8,0,10.7,1.0,0
133,Jacob Stallings,384,0.265,0.269,0.271,0.003,1.0,7.6,21.6,4,12.9,9.0,4
134,Jose Ramirez,685,0.363,0.345,0.356,0.011,3.21,10.1,12.0,29,20.7,35.0,6
135,Alex Bregman,656,0.358,0.358,0.37,0.012,3.33,13.3,11.7,23,19.5,35.0,13
136,Joey Gallo,410,0.286,0.297,0.301,0.004,1.33,13.7,39.8,19,23.8,33.0,0
137,Corey Seager,663,0.331,0.355,0.343,-0.011,-3.19,8.7,15.5,33,13.6,52.0,0
138,Jesse Winker,547,0.313,0.334,0.338,0.004,1.34,15.4,18.8,14,16.8,27.0,0
139,Tom Murphy,42,0.397,0.422,0.371,-0.051,-12.08,19.0,31.0,1,13.4,4.0,1
140,Travis Jankowski,64,0.222,0.297,0.262,-0.035,-11.91,12.5,15.6,0,-3.2,0.0,0
141,Rob Refsnyder,177,0.381,0.385,0.375,-0.01,-2.65,8.5,26.0,6,13.1,12.0,4
142,Joey Meneses,240,0.395,0.355,0.364,0.008,2.38,6.3,21.7,13,9.5,17.0,5
143,Jason Vosler,111,0.349,0.311,0.322,0.011,3.58,9.0,26.1,4,15.2,3.0,0
144,Franchy Cordero,275,0.304,0.31,0.317,0.007,2.2,10.2,33.5,8,12.7,19.0,0
145,Franmil Reyes,473,0.28,0.285,0.283,-0.002,-0.87,6.3,33.2,14,9.9,32.0,8
146,Luis Torrens,166,0.261,0.299,0.274,-0.025,-8.32,7.2,30.1,3,8.9,5.0,1
147,Dansby Swanson,696,0.337,0.349,0.336,-0.012,-3.48,7.0,26.1,25,15.7,50.0,16
148,Kevin Newman,309,0.303,0.301,0.305,0.005,1.61,5.2,15.5,2,13.3,4.0,3
149,Chris Taylor,454,0.298,0.294,0.303,0.009,3.11,9.7,35.2,10,20.4,25.0,12
150,Carlos Correa,590,0.362,0.375,0.374,-0.001,-0.39,10.3,20.5,22,11.6,46.0,20
151,Brett Phillips,225,0.213,0.225,0.224,-0.001,-0.4,7.1,41.8,5,22.8,5.0,0
152,Byron Buxton,382,0.356,0.354,0.372,0.018,5.2,8.9,30.4,28,21.4,37.0,24
153,Edwin Rios,92,0.338,0.317,0.312,-0.005,-1.46,5.4,39.1,7,10.9,7.0,0
154,Taylor Ward,564,0.362,0.377,0.363,-0.014,-3.72,10.6,21.3,23,15.8,46.0,12
155,Tomas Nido,313,0.265,0.292,0.281,-0.011,-3.64,4.5,24.3,3,8.4,14.0,3
156,Anthony Bemboom,59,0.196,0.256,0.264,0.008,3.07,10.2,28.8,1,7.0,2.0,0
157,Patrick Wisdom,534,0.316,0.306,0.314,0.009,2.81,9.9,34.3,25,21.0,41.0,17
158,Joey Wendle,371,0.289,0.285,0.298,0.013,4.6,4.0,13.5,3,3.0,5.0,0
159,Matt Olson,699,0.344,0.353,0.356,0.003,0.89,10.7,24.3,34,16.1,61.0,0
160,Matt Duffy,247,0.279,0.296,0.294,-0.002,-0.55,6.9,20.2,2,9.9,5.0,2
161,Manuel Margot,363,0.308,0.318,0.319,0.001,0.36,6.6,18.7,4,10.2,10.0,4
162,Jorge Mateo,533,0.281,0.287,0.29,0.003,1.15,5.1,27.6,13,14.8,21.0,12
163,Tyler Heineman,174,0.248,0.269,0.278,0.009,3.16,4.6,9.8,0,19.9,0.0,0
164,Harold Ramirez,435,0.327,0.344,0.337,-0.007,-2.07,4.4,16.6,6,4.8,16.0,5
165,Anthony Santander,647,0.336,0.341,0.35,0.009,2.6,8.5,18.9,33,21.4,53.0,10
166,Pete Alonso,685,0.366,0.364,0.367,0.003,0.92,9.8,18.7,40,18.2,59.0,30
167,Christian Arroyo,300,0.319,0.34,0.327,-0.013,-3.92,4.3,16.3,6,9.1,15.0,4
168,Cavan Biggio,303,0.302,0.309,0.319,0.01,3.1,12.5,28.1,6,19.6,12.0,0
169,Adam Frazier,602,0.274,0.284,0.293,0.01,3.35,7.6,12.1,3,13.6,7.0,0
170,Jose Trevino,353,0.293,0.304,0.294,-0.01,-3.16,4.2,17.6,11,13.0,14.0,7
171,Nick Gordon,443,0.321,0.331,0.325,-0.007,-2.02,4.3,23.7,9,12.5,29.0,0
172,Reese McGuire,274,0.297,0.282,0.301,0.019,6.64,4.4,20.4,3,14.1,5.0,0
173,Jorge Soler,306,0.305,0.337,0.334,-0.003,-0.89,10.1,29.4,13,13.7,22.0,12
174,Edmundo Sosa,190,0.282,0.3,0.296,-0.004,-1.49,2.6,26.3,2,11.4,7.0,2
175,Jake Cronenworth,684,0.318,0.312,0.314,0.002,0.79,10.2,19.2,17,18.1,26.0,0
176,Austin Meadows,147,0.307,0.376,0.365,-0.012,-3.12,10.9,11.6,0,17.2,7.0,0
177,Jose Azocar,216,0.278,0.273,0.277,0.004,1.6,5.6,20.4,0,9.4,4.0,0
178,Tim Anderson,351,0.323,0.347,0.348,0.001,0.35,4.0,15.7,6,3.3,16.0,1
179,Cody Bellinger,550,0.284,0.287,0.286,-0.001,-0.4,6.9,27.3,19,20.3,30.0,0
180,Willie Calhoun,62,0.249,0.293,0.281,-0.012,-4.12,14.5,12.9,1,14.2,1.0,0
181,J.P. Crawford,603,0.306,0.322,0.336,0.014,4.29,11.3,13.3,6,8.9,9.0,0
182,Jason Delay,167,0.243,0.243,0.238,-0.004,-1.76,5.4,29.9,1,15.7,2.0,1
183,Brandon Dixon,14,0.216,0.262,0.257,-0.005,-1.81,0.0,35.7,0,20.2,0.0,0
184,Hunter Dozier,500,0.298,0.32,0.317,-0.004,-1.18,6.8,25.0,12,13.1,26.0,13
185,Jake Fraley,247,0.352,0.352,0.357,0.006,1.57,10.5,21.9,12,13.8,12.0,0
186,Mitch Garver,215,0.308,0.325,0.338,0.014,4.26,10.7,24.7,10,18.4,12.0,9
187,Luis Guillorme,335,0.311,0.309,0.327,0.018,5.82,10.1,13.7,2,4.3,6.0,0
188,Garrett Hampson,226,0.267,0.271,0.267,-0.004,-1.4,9.3,27.9,2,10.2,6.0,2
189,Jonah Heim,450,0.306,0.315,0.324,0.009,2.82,9.1,19.3,16,16.9,22.0,5
190,Kyle Lewis,62,0.239,0.294,0.281,-0.013,-4.48,8.1,30.6,3,16.9,4.0,3
191,Tim Locastro,46,0.259,0.316,0.324,0.008,2.44,4.3,15.2,2,11.8,2.0,2
192,Trey Mancini,587,0.312,0.336,0.344,0.008,2.33,9.0,23.0,18,12.7,37.0,12
193,Ryan McMahon,597,0.326,0.337,0.327,-0.01,-3.01,10.1,26.5,20,10.8,39.0,0
194,Tyler O'Neill,383,0.307,0.322,0.322,0.0,0.03,9.9,26.9,14,13.6,27.0,9
195,Dominic Smith,152,0.254,0.291,0.276,-0.014,-4.88,7.9,24.3,0,10.9,7.0,0
196,Rowdy Tellez,599,0.327,0.343,0.333,-0.01,-2.94,10.4,20.2,35,15.3,53.0,0
197,Matt Thaiss,81,0.286,0.278,0.285,0.008,2.76,13.6,29.6,2,7.5,3.0,0
198,Tyler Wade,163,0.247,0.277,0.284,0.007,2.42,6.1,20.2,1,11.5,2.0,0
199,Eli White,117,0.26,0.279,0.269,-0.01,-3.45,9.4,35.0,3,21.5,3.0,0
200,Francisco Mejia,299,0.279,0.282,0.281,-0.001,-0.4,2.3,21.7,6,15.7,6.0,0
201,Jose Siri,325,0.268,0.277,0.284,0.006,2.28,6.2,33.2,7,15.4,12.0,6
202,Amed Rosario,670,0.311,0.324,0.323,-0.001,-0.42,3.7,16.6,11,5.0,24.0,7
203,Willy Adames,617,0.325,0.334,0.334,0.0,0.12,7.9,26.9,31,18.9,52.0,24
204,Thairo Estrada,541,0.317,0.319,0.329,0.01,3.21,6.1,16.5,14,8.1,18.0,10
205,Austin Wynns,177,0.298,0.275,0.272,-0.003,-0.98,5.6,21.5,3,10.4,5.0,3
206,Andrew Benintendi,521,0.342,0.339,0.336,-0.003,-0.82,10.0,14.8,5,12.6,20.0,0
207,Garrett Cooper,469,0.33,0.343,0.346,0.003,0.83,8.5,25.4,9,8.8,32.0,10
208,Mauricio Dubon,265,0.248,0.278,0.267,-0.012,-4.14,4.9,11.3,5,16.7,5.0,1
209,Danny Jansen,248,0.364,0.381,0.381,-0.001,-0.17,10.1,17.7,15,22.2,23.0,12
210,Tony Kemp,558,0.287,0.284,0.276,-0.008,-2.75,8.1,12.4,7,15.0,7.0,0
211,Isiah Kiner-Falefa,531,0.285,0.309,0.312,0.003,1.03,6.6,13.6,4,4.3,5.0,4
212,Jeff McNeil,589,0.365,0.335,0.346,0.011,3.17,6.8,10.4,9,12.8,13.0,0
213,Yu Chang,190,0.273,0.301,0.294,-0.007,-2.43,8.4,31.1,4,14.3,10.0,4
214,Ozzie Albies,269,0.305,0.295,0.301,0.005,1.82,5.9,17.5,8,16.9,11.0,4
215,Victor Robles,407,0.26,0.254,0.262,0.008,3.02,4.2,25.6,6,15.8,9.0,6
216,Jose Herrera,124,0.213,0.204,0.19,-0.014,-7.0,7.3,27.4,0,3.0,0.0,0
217,Rafael Devers,614,0.373,0.357,0.367,0.01,2.71,8.1,18.6,27,11.3,51.0,0
218,Josh Naylor,498,0.331,0.338,0.337,-0.001,-0.44,7.6,16.1,20,10.3,32.0,0
219,Aledmys Diaz,327,0.301,0.321,0.313,-0.008,-2.54,5.5,16.2,12,12.4,16.0,9
220,Luis Urias,472,0.327,0.332,0.332,0.001,0.22,10.6,21.0,16,18.0,26.0,10
221,Luis Arraez,603,0.35,0.353,0.347,-0.005,-1.54,8.3,7.1,8,12.9,18.0,0
222,Eloy Jimenez,327,0.37,0.376,0.393,0.016,4.39,8.6,22.0,16,7.4,33.0,8
223,Gleyber Torres,572,0.328,0.334,0.329,-0.005,-1.49,6.8,22.6,24,17.5,43.0,14
224,Willi Castro,392,0.285,0.299,0.299,0.001,0.23,3.8,20.9,8,13.7,10.0,1
225,Yandy Diaz,558,0.366,0.381,0.381,0.0,0.12,14.0,10.8,9,7.7,20.0,8
226,Bryan De La Cruz,355,0.313,0.362,0.342,-0.02,-5.62,5.4,25.4,13,9.8,29.0,7
227,Meibrys Viloria,75,0.256,0.253,0.233,-0.02,-8.05,14.7,38.7,2,5.6,3.0,0
228,Luis Rengifo,511,0.314,0.306,0.313,0.007,2.21,3.3,15.5,17,9.9,22.0,9
229,Riley Adams,155,0.249,0.284,0.277,-0.007,-2.48,7.7,29.7,5,13.5,9.0,4
230,Matt Chapman,621,0.331,0.344,0.341,-0.003,-0.79,11.0,27.4,27,19.0,48.0,18
231,Michael Chavis,426,0.282,0.276,0.27,-0.006,-2.18,4.5,29.6,14,11.1,21.0,11
232,Stuart Fairchild,110,0.35,0.339,0.327,-0.012,-3.67,7.3,30.9,5,13.3,6.0,2
233,Stone Garrett,84,0.36,0.29,0.318,0.028,9.74,3.6,32.1,4,22.8,5.0,2
234,Sam Hilliard,200,0.251,0.291,0.29,-0.001,-0.35,11.5,28.5,2,13.4,11.0,0
235,Connor Joe,467,0.314,0.324,0.314,-0.01,-3.23,11.8,20.8,7,10.6,14.0,7
236,Jordan Luplow,234,0.281,0.299,0.301,0.002,0.77,10.7,25.6,11,17.7,11.0,8
237,Zach McKinstry,185,0.28,0.307,0.298,-0.009,-3.02,8.6,28.1,5,12.9,5.0,0
238,Cedric Mullins II,672,0.315,0.314,0.313,-0.001,-0.23,7.0,18.8,16,17.4,24.0,0
239,Ryan O'Hearn,145,0.272,0.316,0.312,-0.004,-1.23,5.5,24.1,1,13.4,7.0,0
240,Kyle Schwarber,669,0.355,0.365,0.352,-0.013,-3.56,12.9,29.9,46,19.2,76.0,0
241,Pavin Smith,277,0.294,0.295,0.286,-0.009,-3.02,10.1,24.2,9,15.2,18.0,0
242,Lane Thomas,548,0.308,0.314,0.307,-0.007,-2.1,7.5,24.1,17,12.5,24.0,14
243,Alex Verdugo,644,0.319,0.328,0.327,-0.002,-0.5,6.5,13.4,11,8.4,31.0,0
244,Connor Wong,56,0.263,0.297,0.284,-0.014,-4.55,8.9,28.6,1,5.1,4.0,0
245,Ramon Laureano,383,0.294,0.315,0.319,0.005,1.55,6.5,27.2,13,14.9,28.0,11
246,Gavin Sheets,410,0.308,0.274,0.303,0.029,10.71,6.6,21.0,15,14.8,19.0,0
247,Edward Olivares,174,0.326,0.327,0.352,0.026,7.88,5.7,20.7,4,6.6,8.0,4
248,Yoan Moncada,433,0.275,0.297,0.278,-0.019,-6.35,7.4,26.3,12,15.7,28.0,0
249,Shohei Ohtani,666,0.37,0.394,0.386,-0.008,-2.05,10.8,24.2,34,12.1,72.0,0
250,Vidal Brujan,162,0.22,0.248,0.24,-0.008,-3.15,7.4,22.8,3,14.2,3.0,1
251,Ronald Acuna Jr.,533,0.335,0.344,0.342,-0.002,-0.59,9.9,23.6,15,10.8,44.0,16
252,Keibert Ruiz,433,0.299,0.319,0.32,0.001,0.45,6.9,11.5,7,14.9,13.0,0
253,Elehuris Montero,185,0.303,0.266,0.281,0.015,5.65,4.3,32.4,6,13.2,10.0,5
254,Oscar Gonzalez,382,0.339,0.339,0.338,-0.001,-0.29,3.9,19.6,11,5.4,21.0,9
255,Juan Yepez,274,0.319,0.295,0.308,0.013,4.28,5.8,22.3,12,17.1,18.0,9
256,Jesus Sanchez,343,0.298,0.295,0.308,0.013,4.47,7.6,26.8,13,11.0,22.0,0
257,William Contreras,376,0.37,0.362,0.36,-0.002,-0.63,10.4,27.7,20,6.1,31.0,5
258,Brian Serven,205,0.263,0.264,0.264,-0.0,-0.02,6.3,21.5,6,12.5,4.0,3
259,Daulton Varsho,592,0.323,0.315,0.311,-0.003,-1.08,7.8,24.5,27,14.9,40.0,0
260,Lars Nootbaar,347,0.342,0.367,0.368,0.001,0.35,14.7,20.5,14,10.7,27.0,0
261,Tyler Nevin,184,0.261,0.299,0.287,-0.012,-3.93,10.9,25.0,2,17.7,4.0,2
262,Nico Hoerner,517,0.32,0.317,0.336,0.019,5.84,5.4,11.0,10,10.7,11.0,8
263,Austin Riley,693,0.377,0.385,0.384,-0.002,-0.4,8.2,24.2,38,12.9,71.0,36
264,Nick Madrigal,228,0.267,0.295,0.294,-0.001,-0.45,6.1,11.8,0,-0.2,0.0,0
265,Trevor Larnach,180,0.309,0.323,0.323,0.0,0.06,10.0,31.7,5,13.1,12.0,0
266,Ryan Mountcastle,609,0.316,0.365,0.35,-0.015,-4.11,7.1,25.3,22,15.9,61.0,19
267,Ryan McKenna,172,0.279,0.268,0.287,0.019,7.2,6.4,32.0,2,15.4,10.0,3
268,Ke'Bryan Hayes,560,0.294,0.314,0.313,-0.001,-0.24,8.6,21.8,7,5.2,15.0,3
269,Kyle Tucker,609,0.348,0.349,0.348,-0.001,-0.28,9.7,15.6,30,19.0,46.0,0
270,Jonathan India,431,0.314,0.311,0.308,-0.004,-1.23,7.2,21.8,10,14.5,14.0,4
271,Joey Bart,291,0.294,0.309,0.304,-0.006,-1.83,8.9,38.5,11,16.3,15.0,10
272,Cal Raleigh,415,0.33,0.326,0.337,0.011,3.36,9.2,29.4,27,22.5,39.0,5
273,Nick Fortes,240,0.308,0.336,0.341,0.006,1.67,7.5,18.8,9,15.4,12.0,4
274,Trent Grisham,524,0.28,0.288,0.292,0.004,1.56,10.9,28.6,17,15.1,25.0,0
275,Matt Vierling,357,0.285,0.316,0.317,0.001,0.38,6.4,19.6,6,12.0,13.0,6
276,Romy Gonzalez,109,0.264,0.272,0.297,0.025,9.12,1.8,35.8,2,3.3,6.0,2
277,Tyler Stephenson,183,0.37,0.321,0.322,0.001,0.28,6.6,25.7,6,11.1,8.0,3
278,Luke Williams,136,0.265,0.245,0.247,0.002,0.69,6.6,32.4,1,16.7,3.0,1
279,Nathaniel Lowe,645,0.368,0.356,0.356,0.0,0.09,7.4,22.8,27,8.0,44.0,0
280,Ian Happ,641,0.339,0.319,0.325,0.006,1.91,9.0,23.2,17,10.9,28.0,2
281,Mark Mathias,91,0.353,0.309,0.32,0.011,3.64,9.9,33.0,6,11.8,6.0,3
282,Ty France,613,0.337,0.352,0.343,-0.009,-2.51,5.7,15.3,20,10.1,25.0,11
283,Brandon Lowe,266,0.306,0.322,0.322,-0.0,-0.01,10.2,22.9,8,16.6,18.0,0
284,David Fletcher,228,0.275,0.296,0.305,0.009,3.0,3.1,7.0,2,15.0,0.0,0
285,Sam Haggerty,201,0.32,0.297,0.318,0.021,6.95,9.0,26.4,5,13.6,5.0,2
286,Kyle Garlick,162,0.311,0.321,0.318,-0.003,-0.95,4.9,29.6,9,15.1,10.0,6
287,Myles Straw,596,0.257,0.28,0.282,0.003,0.96,9.1,14.6,0,9.8,3.0,0
288,Kyle Isbel,278,0.265,0.266,0.276,0.01,3.62,5.8,27.0,5,10.6,9.0,0
289,Alec Bohm,631,0.31,0.352,0.339,-0.013,-3.77,4.9,17.4,13,10.4,33.0,9
290,LaMonte Wade Jr.,251,0.298,0.334,0.308,-0.026,-7.83,10.4,20.3,8,21.1,16.0,0
291,Seby Zavala,205,0.323,0.3,0.312,0.012,3.92,9.3,31.2,2,22.7,11.0,4
292,Seth Brown,555,0.323,0.338,0.33,-0.008,-2.34,9.2,26.3,25,15.8,46.0,0
293,Jake McCarthy,354,0.337,0.352,0.339,-0.014,-3.86,6.5,21.5,8,8.0,12.0,0
294,Kody Clemens,127,0.22,0.251,0.261,0.01,3.82,6.3,26.0,5,17.4,5.0,0
295,Nick Maton,85,0.364,0.32,0.328,0.008,2.53,11.8,34.1,5,18.6,3.0,0
296,Jeremy Pena,558,0.309,0.329,0.329,-0.0,-0.03,3.9,24.2,22,8.7,38.0,13
297,Vladimir Guerrero Jr.,706,0.351,0.372,0.366,-0.006,-1.64,8.2,16.4,32,4.3,59.0,25
298,Cristian Pache,260,0.207,0.259,0.265,0.007,2.57,5.8,26.9,3,3.8,6.0,1
299,Juan Soto,664,0.376,0.393,0.382,-0.011,-2.78,20.3,14.5,27,9.1,53.0,0
300,Leody Taveras,341,0.297,0.285,0.289,0.004,1.4,6.2,25.8,5,12.0,10.0,0
301,Oswaldo Cabrera,171,0.322,0.285,0.306,0.021,7.24,8.8,25.7,6,21.5,7.0,0
302,Oneil Cruz,361,0.32,0.335,0.341,0.006,1.79,7.8,34.9,17,8.3,32.0,0
303,Jazz Chisholm Jr.,241,0.365,0.373,0.366,-0.006,-1.72,8.7,27.4,14,15.1,25.0,0
304,Esteury Ruiz,36,0.197,0.214,0.21,-0.004,-1.77,2.8,19.4,0,19.2,1.0,0
305,Andres Gimenez,557,0.364,0.361,0.358,-0.003,-0.87,6.1,20.1,17,11.7,24.0,0
306,Josh Lowe,198,0.276,0.286,0.281,-0.005,-1.61,7.6,33.3,2,11.4,6.0,0
307,Will Benson,61,0.212,0.226,0.222,-0.004,-1.77,4.9,31.1,0,10.4,0.0,0
308,Bo Bichette,697,0.347,0.346,0.357,0.012,3.47,5.9,22.2,24,8.5,48.0,15
309,Dylan Carlson,488,0.306,0.311,0.325,0.014,4.65,9.2,19.3,8,12.9,15.0,2
310,Rodolfo Castro,278,0.315,0.294,0.286,-0.008,-2.68,7.9,26.6,11,11.7,12.0,4
311,Bobby Dalbec,353,0.287,0.311,0.319,0.008,2.62,8.2,33.4,12,15.2,24.0,9
312,Adolis Garcia,657,0.324,0.328,0.327,-0.001,-0.34,6.1,27.9,27,13.1,55.0,25
313,Lourdes Gurriel Jr.,493,0.327,0.338,0.333,-0.005,-1.35,6.3,16.8,5,10.9,14.0,7
314,Brent Rooker,36,0.186,0.263,0.228,-0.035,-13.45,8.3,30.6,0,13.5,1.0,0
315,Randy Arozarena,645,0.336,0.32,0.325,0.005,1.48,7.1,24.2,20,8.9,34.0,10
316,Nick Pratto,182,0.287,0.289,0.289,-0.0,-0.06,10.4,36.3,7,19.7,12.0,0
317,Spencer Steer,108,0.287,0.288,0.274,-0.014,-4.88,10.2,24.1,2,13.6,4.0,1
318,Akil Baddoo,225,0.256,0.259,0.258,-0.0,-0.05,10.7,28.4,2,14.2,5.0,0
319,Andrew Knizner,293,0.275,0.29,0.281,-0.009,-2.96,8.9,21.2,4,15.6,7.0,2
320,Bryan Reynolds,614,0.349,0.345,0.347,0.002,0.62,9.1,23.0,27,12.0,32.0,3
321,Conner Capel,59,0.371,0.35,0.322,-0.028,-7.99,8.5,16.9,3,7.9,3.0,0
322,Adley Rutschman,470,0.354,0.348,0.356,0.008,2.33,13.8,18.3,13,15.6,25.0,3
323,Josh Rojas,510,0.326,0.324,0.317,-0.008,-2.4,10.8,19.2,9,11.9,16.0,0
324,Ryan Kreidler,84,0.218,0.283,0.271,-0.012,-4.38,7.1,26.2,1,14.8,4.0,2
325,Garrett Mitchell,68,0.365,0.313,0.332,0.019,6.03,8.8,41.2,2,9.5,4.0,0
326,MJ Melendez,534,0.31,0.329,0.329,-0.0,-0.09,12.4,24.5,18,15.1,35.0,0
327,Brandon Marsh,461,0.296,0.294,0.298,0.004,1.49,6.1,34.3,11,10.9,20.0,0
328,Kyle Stowers,98,0.316,0.331,0.324,-0.008,-2.41,5.1,29.6,3,16.0,7.0,0
329,Shea Langeliers,153,0.296,0.276,0.306,0.03,10.87,5.9,34.6,6,16.9,9.0,4
330,Luis Campusano,50,0.257,0.275,0.24,-0.034,-12.46,2.0,22.0,1,16.4,2.0,1
331,Sean Murphy,612,0.331,0.353,0.354,0.001,0.41,9.2,20.3,18,11.5,44.0,13
332,Nick Senzel,420,0.272,0.315,0.312,-0.003,-1.08,7.1,18.1,5,11.7,10.0,2
333,Tommy Edman,630,0.318,0.324,0.316,-0.008,-2.41,7.3,17.6,13,8.7,29.0,8
334,Will Smith,578,0.349,0.362,0.351,-0.011,-3.01,9.7,16.6,24,18.4,43.0,18
335,Jack Suwinski,372,0.311,0.326,0.326,-0.0,-0.01,11.0,30.6,19,14.3,26.0,0
336,Santiago Espinal,491,0.305,0.311,0.317,0.007,2.19,7.3,13.8,7,14.1,13.0,9
337,Jose Miranda,483,0.329,0.326,0.339,0.013,3.89,5.8,18.8,15,13.8,22.0,12
338,Bubba Thompson,181,0.274,0.243,0.233,-0.01,-4.08,3.9,30.9,1,5.3,2.0,1
339,Nolan Gorman,313,0.316,0.337,0.328,-0.009,-2.65,8.9,32.9,14,20.0,26.0,0
340,Bryce Johnson,19,0.129,0.188,0.184,-0.003,-1.78,5.3,36.8,0,13.5,0.0,0
341,Jake Burger,183,0.327,0.321,0.327,0.006,1.73,5.5,30.6,8,12.3,17.0,9
342,Nick Allen,326,0.245,0.254,0.27,0.016,6.11,5.8,19.6,4,7.6,3.0,2
343,Cooper Hummel,201,0.262,0.295,0.285,-0.01,-3.28,11.4,31.8,3,7.7,8.0,2
344,Josh Smith,253,0.262,0.307,0.291,-0.016,-5.24,11.1,19.8,2,19.2,4.0,0
345,Austin Hays,582,0.314,0.312,0.316,0.004,1.3,5.8,19.6,16,11.3,22.0,12
346,Darick Hall,142,0.343,0.319,0.315,-0.004,-1.38,3.5,31.0,9,18.6,16.0,0
347,Alex Call,131,0.332,0.284,0.316,0.032,11.18,11.5,22.9,5,18.1,1.0,1
348,Nicky Lopez,480,0.251,0.28,0.273,-0.006,-2.23,6.0,13.1,0,4.9,6.0,0
349,Luke Raley,72,0.271,0.3,0.27,-0.03,-9.96,9.7,33.3,1,16.9,5.0,0
350,Miles Mastrobuoni,17,0.196,0.197,0.176,-0.02,-10.36,5.9,35.3,0,-2.2,0.0,0
351,Matt Wallner,65,0.311,0.308,0.301,-0.007,-2.19,9.2,38.5,2,12.9,3.0,0
352,Yordan Alvarez,561,0.427,0.443,0.424,-0.019,-4.38,13.9,18.9,37,12.3,78.0,0
353,Isaac Paredes,381,0.323,0.306,0.338,0.032,10.35,11.5,17.6,20,15.9,17.0,14
354,Mike Brosseau,160,0.338,0.307,0.32,0.013,4.19,8.8,30.0,6,14.6,8.0,3
355,Taylor Walls,466,0.252,0.28,0.291,0.01,3.71,11.2,25.8,8,16.6,18.0,3
356,T.J. Friedl,258,0.323,0.304,0.309,0.005,1.69,7.8,15.5,8,19.8,9.0,0
357,Triston Casas,95,0.344,0.344,0.356,0.013,3.66,20.0,24.2,5,2.2,4.0,0
358,Heliot Ramos,22,0.143,0.288,0.252,-0.036,-12.63,9.1,27.3,0,1.7,1.0,0
359,Luis Garcia,377,0.303,0.31,0.316,0.006,1.92,2.9,22.3,7,5.5,21.0,0
360,Tyler Freeman,86,0.274,0.286,0.309,0.023,8.16,4.7,12.8,0,10.3,1.0,1
361,Michael Harris II,441,0.368,0.363,0.36,-0.003,-0.78,4.8,24.3,19,4.5,31.0,0
362,Jarred Kelenic,181,0.238,0.268,0.264,-0.005,-1.71,8.8,33.7,7,18.0,14.0,0
363,Gabriel Arias,57,0.294,0.314,0.316,0.002,0.77,14.0,28.1,1,-0.6,2.0,1
364,Alejandro Kirk,541,0.347,0.364,0.367,0.003,0.95,11.6,10.7,14,8.1,28.0,13
365,Gabriel Moreno,73,0.326,0.324,0.324,-0.0,-0.01,5.5,11.0,1,5.9,2.0,0
366,Geraldo Perdomo,500,0.253,0.284,0.283,-0.001,-0.44,10.0,20.6,5,12.1,7.0,0
367,Oswald Peraza,57,0.371,0.364,0.371,0.007,1.9,10.5,15.8,1,5.4,2.0,1
368,Tucupita Marcano,177,0.249,0.226,0.228,0.002,0.87,5.6,24.9,2,11.1,2.0,0
369,Lenyn Sosa,36,0.161,0.253,0.249,-0.004,-1.4,2.8,33.3,1,5.7,2.0,1
370,Yainer Diaz,9,0.217,0.305,0.275,-0.03,-9.98,11.1,22.2,0,24.0,1.0,0
371,Luis Robert,401,0.324,0.344,0.355,0.011,3.17,4.2,19.2,12,10.0,27.0,11
372,Ha-seong Kim,582,0.313,0.323,0.326,0.003,0.84,8.8,17.2,11,16.1,18.0,11
373,Seiya Suzuki,446,0.334,0.34,0.342,0.002,0.5,9.4,24.7,14,11.2,32.0,6
374,Josh Jung,102,0.28,0.302,0.276,-0.026,-8.71,3.9,38.2,5,14.3,6.0,2
375,Kevin Smith,151,0.226,0.247,0.24,-0.007,-2.95,4.6,27.8,2,16.4,8.0,3
376,Canaan Smith-Njigba,7,0.381,0.418,0.457,0.038,9.19,14.3,0.0,0,0.7,1.0,0
377,Nelson Velazquez,206,0.291,0.307,0.31,0.003,1.09,9.2,31.6,6,12.3,16.0,7
378,Alec Burleson,53,0.245,0.322,0.335,0.013,3.99,9.4,17.0,1,4.0,4.0,0
379,Jose Barrero,174,0.183,0.178,0.187,0.009,4.98,5.2,43.7,2,17.7,2.0,0
380,Jake Meyers,160,0.258,0.261,0.252,-0.009,-3.47,4.4,33.8,1,7.2,5.0,0
381,Alan Trejo,125,0.321,0.281,0.31,0.029,10.44,4.0,24.8,4,13.6,4.0,2
382,Chas McCormick,407,0.326,0.34,0.319,-0.021,-6.21,11.3,26.0,14,12.8,26.0,2
383,Wander Franco,344,0.323,0.342,0.345,0.004,1.07,7.6,9.6,6,8.2,13.0,1
384,Julio Rodriguez,560,0.366,0.379,0.372,-0.007,-1.78,7.1,25.9,28,10.1,48.0,22
385,Ezequiel Duran,220,0.282,0.272,0.276,0.003,1.15,5.5,24.5,5,9.5,7.0,3
386,Alek Thomas,411,0.272,0.278,0.279,0.0,0.13,5.4,18.0,8,2.6,12.0,0
387,Bobby Witt Jr.,632,0.311,0.322,0.322,-0.0,-0.01,4.7,21.4,20,16.8,40.0,21
388,Ji Hwan Bae,37,0.37,0.314,0.323,0.009,3.02,5.4,16.2,0,4.4,0.0,0
389,Miguel Vargas,50,0.2,0.253,0.246,-0.007,-2.62,4.0,26.0,1,25.9,3.0,0
390,Ezequiel Tovar,35,0.261,0.316,0.305,-0.01,-3.24,5.7,25.7,1,8.5,3.0,2
391,Spencer Torkelson,404,0.272,0.309,0.316,0.008,2.5,9.2,24.5,8,15.0,22.0,8
392,Terrin Vavra,103,0.303,0.326,0.314,-0.012,-3.63,11.7,18.4,1,10.7,1.0,0
393,Steven Kwan,638,0.341,0.33,0.334,0.004,1.28,9.7,9.4,6,11.8,7.0,0
394,Jarren Duran,223,0.284,0.309,0.287,-0.022,-6.99,6.3,28.3,3,7.6,11.0,0
395,Ryan Jeffers,236,0.287,0.313,0.311,-0.002,-0.48,9.7,26.3,7,18.2,20.0,6
396,Owen Miller,472,0.287,0.306,0.307,0.001,0.23,6.8,19.7,6,10.1,12.0,7
397,Brendan Donovan,468,0.349,0.349,0.357,0.008,2.23,12.8,15.0,5,6.0,11.0,0
398,Bryson Stott,466,0.289,0.297,0.299,0.002,0.68,7.7,19.1,10,13.1,15.0,0
399,Logan O'Hoppe,16,0.307,0.294,0.271,-0.023,-7.67,12.5,18.8,0,24.6,0.0,0
400,Kerry Carpenter,113,0.342,0.296,0.288,-0.008,-2.66,5.3,28.3,6,14.5,8.0,0
401,James Outman,16,0.584,0.333,0.358,0.025,7.61,12.5,43.8,1,16.5,0.0,0
402,David Villar,181,0.344,0.301,0.305,0.004,1.36,9.9,32.0,9,17.8,9.0,4
403,Nate Eaton,122,0.313,0.318,0.306,-0.013,-3.94,8.2,24.6,1,13.6,4.0,1
404,David Hensley,34,0.44,0.363,0.388,0.025,6.92,14.7,17.6,1,-0.4,1.0,0
405,Francisco Alvarez,14,0.336,0.415,0.352,-0.064,-15.33,14.3,28.6,1,15.3,3.0,1
406,CJ Abrams,302,0.267,0.284,0.27,-0.014,-5.03,1.7,16.6,2,6.8,5.0,0
407,Riley Greene,418,0.303,0.318,0.31,-0.008,-2.58,8.6,28.7,5,2.8,24.0,0
408,Corbin Carroll,115,0.358,0.363,0.349,-0.015,-4.01,7.0,27.0,4,9.1,4.0,0
409,Gunnar Henderson,132,0.343,0.347,0.354,0.008,2.18,12.1,25.8,4,2.0,8.0,0
410,Brett Baty,42,0.26,0.297,0.313,0.017,5.58,4.8,19.0,2,10.0,2.0,0
411,Andrew Vaughn,555,0.327,0.337,0.336,-0.001,-0.32,5.6,17.3,17,7.5,33.0,13
412,Vinnie Pasquantino,298,0.365,0.368,0.38,0.011,3.07,11.7,11.4,10,12.1,20.0,0
413,Michael Massey,194,0.302,0.34,0.326,-0.014,-3.99,4.6,23.7,4,16.4,17.0,0
414,Will Brennan,45,0.385,0.349,0.318,-0.031,-8.96,4.4,8.9,1,5.4,2.0,0
415,Vaughn Grissom,156,0.345,0.322,0.337,0.016,4.86,7.1,21.8,5,9.0,8.0,4
